fecha_id,fecha,dia,nombre_dia,numero_semana,mes,nombre_mes,trimestre,anio,es_fin_semana,temporada
20250101,01/01/2025,1,Miércoles,1,1,Enero,T1,2025,No,Verano
20250102,02/01/2025,2,Jueves,1,1,Enero,T1,2025,No,Verano
20250103,03/01/2025,3,Viernes,1,1,Enero,T1,2025,No,Verano
20250104,04/01/2025,4,Sábado,1,1,Enero,T1,2025,Sí,Verano
20250105,05/01/2025,5,Domingo,1,1,Enero,T1,2025,Sí,Verano
20250106,06/01/2025,6,Lunes,2,1,Enero,T1,2025,No,Verano
20250107,07/01/2025,7,Martes,2,1,Enero,T1,2025,No,Verano
20250108,08/01/2025,8,Miércoles,2,1,Enero,T1,2025,No,Verano
20250109,09/01/2025,9,Jueves,2,1,Enero,T1,2025,No,Verano
20250110,10/01/2025,10,Viernes,2,1,Enero,T1,2025,No,Verano
20250111,11/01/2025,11,Sábado,2,1,Enero,T1,2025,Sí,Verano
20250112,12/01/2025,12,Domingo,2,1,Enero,T1,2025,Sí,Verano
20250113,13/01/2025,13,Lunes,3,1,Enero,T1,2025,No,Verano
20250114,14/01/2025,14,Martes,3,1,Enero,T1,2025,No,Verano
20250115,15/01/2025,15,Miércoles,3,1,Enero,T1,2025,No,Verano
20250116,16/01/2025,16,Jueves,3,1,Enero,T1,2025,No,Verano
20250117,17/01/2025,17,Viernes,3,1,Enero,T1,2025,No,Verano
20250118,18/01/2025,18,Sábado,3,1,Enero,T1,2025,Sí,Verano
20250119,19/01/2025,19,Domingo,3,1,Enero,T1,2025,Sí,Verano
20250120,20/01/2025,20,Lunes,4,1,Enero,T1,2025,No,Verano
20250121,21/01/2025,21,Martes,4,1,Enero,T1,2025,No,Verano
20250122,22/01/2025,22,Miércoles,4,1,Enero,T1,2025,No,Verano
20250123,23/01/2025,23,Jueves,4,1,Enero,T1,2025,No,Verano
20250124,24/01/2025,24,Viernes,4,1,Enero,T1,2025,No,Verano
20250125,25/01/2025,25,Sábado,4,1,Enero,T1,2025,Sí,Verano
20250126,26/01/2025,26,Domingo,4,1,Enero,T1,2025,Sí,Verano
20250127,27/01/2025,27,Lunes,5,1,Enero,T1,2025,No,Verano
20250128,28/01/2025,28,Martes,5,1,Enero,T1,2025,No,Verano
20250129,29/01/2025,29,Miércoles,5,1,Enero,T1,2025,No,Verano
20250130,30/01/2025,30,Jueves,5,1,Enero,T1,2025,No,Verano
20250131,31/01/2025,31,Viernes,5,1,Enero,T1,2025,No,Verano
20250201,01/02/2025,1,Sábado,5,2,Febrero,T1,2025,Sí,Verano
20250202,02/02/2025,2,Domingo,5,2,Febrero,T1,2025,Sí,Verano
20250203,03/02/2025,3,Lunes,6,2,Febrero,T1,2025,No,Verano
20250204,04/02/2025,4,Martes,6,2,Febrero,T1,2025,No,Verano
20250205,05/02/2025,5,Miércoles,6,2,Febrero,T1,2025,No,Verano
20250206,06/02/2025,6,Jueves,6,2,Febrero,T1,2025,No,Verano
20250207,07/02/2025,7,Viernes,6,2,Febrero,T1,2025,No,Verano
20250208,08/02/2025,8,Sábado,6,2,Febrero,T1,2025,Sí,Verano
20250209,09/02/2025,9,Domingo,6,2,Febrero,T1,2025,Sí,Verano
20250210,10/02/2025,10,Lunes,7,2,Febrero,T1,2025,No,Verano
20250211,11/02/2025,11,Martes,7,2,Febrero,T1,2025,No,Verano
20250212,12/02/2025,12,Miércoles,7,2,Febrero,T1,2025,No,Verano
20250213,13/02/2025,13,Jueves,7,2,Febrero,T1,2025,No,Verano
20250214,14/02/2025,14,Viernes,7,2,Febrero,T1,2025,No,Verano
20250215,15/02/2025,15,Sábado,7,2,Febrero,T1,2025,Sí,Verano
20250216,16/02/2025,16,Domingo,7,2,Febrero,T1,2025,Sí,Verano
20250217,17/02/2025,17,Lunes,8,2,Febrero,T1,2025,No,Verano
20250218,18/02/2025,18,Martes,8,2,Febrero,T1,2025,No,Verano
20250219,19/02/2025,19,Miércoles,8,2,Febrero,T1,2025,No,Verano
20250220,20/02/2025,20,Jueves,8,2,Febrero,T1,2025,No,Verano
20250221,21/02/2025,21,Viernes,8,2,Febrero,T1,2025,No,Verano
20250222,22/02/2025,22,Sábado,8,2,Febrero,T1,2025,Sí,Verano
20250223,23/02/2025,23,Domingo,8,2,Febrero,T1,2025,Sí,Verano
20250224,24/02/2025,24,Lunes,9,2,Febrero,T1,2025,No,Verano
20250225,25/02/2025,25,Martes,9,2,Febrero,T1,2025,No,Verano
20250226,26/02/2025,26,Miércoles,9,2,Febrero,T1,2025,No,Verano
20250227,27/02/2025,27,Jueves,9,2,Febrero,T1,2025,No,Verano
20250228,28/02/2025,28,Viernes,9,2,Febrero,T1,2025,No,Verano
20250301,01/03/2025,1,Sábado,9,3,Marzo,T1,2025,Sí,Otoño
20250302,02/03/2025,2,Domingo,9,3,Marzo,T1,2025,Sí,Otoño
20250303,03/03/2025,3,Lunes,10,3,Marzo,T1,2025,No,Otoño
20250304,04/03/2025,4,Martes,10,3,Marzo,T1,2025,No,Otoño
20250305,05/03/2025,5,Miércoles,10,3,Marzo,T1,2025,No,Otoño
20250306,06/03/2025,6,Jueves,10,3,Marzo,T1,2025,No,Otoño
20250307,07/03/2025,7,Viernes,10,3,Marzo,T1,2025,No,Otoño
20250308,08/03/2025,8,Sábado,10,3,Marzo,T1,2025,Sí,Otoño
20250309,09/03/2025,9,Domingo,10,3,Marzo,T1,2025,Sí,Otoño
20250310,10/03/2025,10,Lunes,11,3,Marzo,T1,2025,No,Otoño
20250311,11/03/2025,11,Martes,11,3,Marzo,T1,2025,No,Otoño
20250312,12/03/2025,12,Miércoles,11,3,Marzo,T1,2025,No,Otoño
20250313,13/03/2025,13,Jueves,11,3,Marzo,T1,2025,No,Otoño
20250314,14/03/2025,14,Viernes,11,3,Marzo,T1,2025,No,Otoño
20250315,15/03/2025,15,Sábado,11,3,Marzo,T1,2025,Sí,Otoño
20250316,16/03/2025,16,Domingo,11,3,Marzo,T1,2025,Sí,Otoño
20250317,17/03/2025,17,Lunes,12,3,Marzo,T1,2025,No,Otoño
20250318,18/03/2025,18,Martes,12,3,Marzo,T1,2025,No,Otoño
20250319,19/03/2025,19,Miércoles,12,3,Marzo,T1,2025,No,Otoño
20250320,20/03/2025,20,Jueves,12,3,Marzo,T1,2025,No,Otoño
20250321,21/03/2025,21,Viernes,12,3,Marzo,T1,2025,No,Otoño
20250322,22/03/2025,22,Sábado,12,3,Marzo,T1,2025,Sí,Otoño
20250323,23/03/2025,23,Domingo,12,3,Marzo,T1,2025,Sí,Otoño
20250324,24/03/2025,24,Lunes,13,3,Marzo,T1,2025,No,Otoño
20250325,25/03/2025,25,Martes,13,3,Marzo,T1,2025,No,Otoño
20250326,26/03/2025,26,Miércoles,13,3,Marzo,T1,2025,No,Otoño
20250327,27/03/2025,27,Jueves,13,3,Marzo,T1,2025,No,Otoño
20250328,28/03/2025,28,Viernes,13,3,Marzo,T1,2025,No,Otoño
20250329,29/03/2025,29,Sábado,13,3,Marzo,T1,2025,Sí,Otoño
20250330,30/03/2025,30,Domingo,13,3,Marzo,T1,2025,Sí,Otoño
20250331,31/03/2025,31,Lunes,14,3,Marzo,T1,2025,No,Otoño
20250401,01/04/2025,1,Martes,14,4,Abril,T2,2025,No,Otoño
20250402,02/04/2025,2,Miércoles,14,4,Abril,T2,2025,No,Otoño
20250403,03/04/2025,3,Jueves,14,4,Abril,T2,2025,No,Otoño
20250404,04/04/2025,4,Viernes,14,4,Abril,T2,2025,No,Otoño
20250405,05/04/2025,5,Sábado,14,4,Abril,T2,2025,Sí,Otoño
20250406,06/04/2025,6,Domingo,14,4,Abril,T2,2025,Sí,Otoño
20250407,07/04/2025,7,Lunes,15,4,Abril,T2,2025,No,Otoño
20250408,08/04/2025,8,Martes,15,4,Abril,T2,2025,No,Otoño
20250409,09/04/2025,9,Miércoles,15,4,Abril,T2,2025,No,Otoño
20250410,10/04/2025,10,Jueves,15,4,Abril,T2,2025,No,Otoño
20250411,11/04/2025,11,Viernes,15,4,Abril,T2,2025,No,Otoño
20250412,12/04/2025,12,Sábado,15,4,Abril,T2,2025,Sí,Otoño
20250413,13/04/2025,13,Domingo,15,4,Abril,T2,2025,Sí,Otoño
20250414,14/04/2025,14,Lunes,16,4,Abril,T2,2025,No,Otoño
20250415,15/04/2025,15,Martes,16,4,Abril,T2,2025,No,Otoño
20250416,16/04/2025,16,Miércoles,16,4,Abril,T2,2025,No,Otoño
20250417,17/04/2025,17,Jueves,16,4,Abril,T2,2025,No,Otoño
20250418,18/04/2025,18,Viernes,16,4,Abril,T2,2025,No,Otoño
20250419,19/04/2025,19,Sábado,16,4,Abril,T2,2025,Sí,Otoño
20250420,20/04/2025,20,Domingo,16,4,Abril,T2,2025,Sí,Otoño
20250421,21/04/2025,21,Lunes,17,4,Abril,T2,2025,No,Otoño
20250422,22/04/2025,22,Martes,17,4,Abril,T2,2025,No,Otoño
20250423,23/04/2025,23,Miércoles,17,4,Abril,T2,2025,No,Otoño
20250424,24/04/2025,24,Jueves,17,4,Abril,T2,2025,No,Otoño
20250425,25/04/2025,25,Viernes,17,4,Abril,T2,2025,No,Otoño
20250426,26/04/2025,26,Sábado,17,4,Abril,T2,2025,Sí,Otoño
20250427,27/04/2025,27,Domingo,17,4,Abril,T2,2025,Sí,Otoño
20250428,28/04/2025,28,Lunes,18,4,Abril,T2,2025,No,Otoño
20250429,29/04/2025,29,Martes,18,4,Abril,T2,2025,No,Otoño
20250430,30/04/2025,30,Miércoles,18,4,Abril,T2,2025,No,Otoño
20250501,01/05/2025,1,Jueves,18,5,Mayo,T2,2025,No,Otoño
20250502,02/05/2025,2,Viernes,18,5,Mayo,T2,2025,No,Otoño
20250503,03/05/2025,3,Sábado,18,5,Mayo,T2,2025,Sí,Otoño
20250504,04/05/2025,4,Domingo,18,5,Mayo,T2,2025,Sí,Otoño
20250505,05/05/2025,5,Lunes,19,5,Mayo,T2,2025,No,Otoño
20250506,06/05/2025,6,Martes,19,5,Mayo,T2,2025,No,Otoño
20250507,07/05/2025,7,Miércoles,19,5,Mayo,T2,2025,No,Otoño
20250508,08/05/2025,8,Jueves,19,5,Mayo,T2,2025,No,Otoño
20250509,09/05/2025,9,Viernes,19,5,Mayo,T2,2025,No,Otoño
20250510,10/05/2025,10,Sábado,19,5,Mayo,T2,2025,Sí,Otoño
20250511,11/05/2025,11,Domingo,19,5,Mayo,T2,2025,Sí,Otoño
20250512,12/05/2025,12,Lunes,20,5,Mayo,T2,2025,No,Otoño
20250513,13/05/2025,13,Martes,20,5,Mayo,T2,2025,No,Otoño
20250514,14/05/2025,14,Miércoles,20,5,Mayo,T2,2025,No,Otoño
20250515,15/05/2025,15,Jueves,20,5,Mayo,T2,2025,No,Otoño
20250516,16/05/2025,16,Viernes,20,5,Mayo,T2,2025,No,Otoño
20250517,17/05/2025,17,Sábado,20,5,Mayo,T2,2025,Sí,Otoño
20250518,18/05/2025,18,Domingo,20,5,Mayo,T2,2025,Sí,Otoño
20250519,19/05/2025,19,Lunes,21,5,Mayo,T2,2025,No,Otoño
20250520,20/05/2025,20,Martes,21,5,Mayo,T2,2025,No,Otoño
20250521,21/05/2025,21,Miércoles,21,5,Mayo,T2,2025,No,Otoño
20250522,22/05/2025,22,Jueves,21,5,Mayo,T2,2025,No,Otoño
20250523,23/05/2025,23,Viernes,21,5,Mayo,T2,2025,No,Otoño
20250524,24/05/2025,24,Sábado,21,5,Mayo,T2,2025,Sí,Otoño
20250525,25/05/2025,25,Domingo,21,5,Mayo,T2,2025,Sí,Otoño
20250526,26/05/2025,26,Lunes,22,5,Mayo,T2,2025,No,Otoño
20250527,27/05/2025,27,Martes,22,5,Mayo,T2,2025,No,Otoño
20250528,28/05/2025,28,Miércoles,22,5,Mayo,T2,2025,No,Otoño
20250529,29/05/2025,29,Jueves,22,5,Mayo,T2,2025,No,Otoño
20250530,30/05/2025,30,Viernes,22,5,Mayo,T2,2025,No,Otoño
20250531,31/05/2025,31,Sábado,22,5,Mayo,T2,2025,Sí,Otoño
20250601,01/06/2025,1,Domingo,22,6,Junio,T2,2025,Sí,Invierno
20250602,02/06/2025,2,Lunes,23,6,Junio,T2,2025,No,Invierno
20250603,03/06/2025,3,Martes,23,6,Junio,T2,2025,No,Invierno
20250604,04/06/2025,4,Miércoles,23,6,Junio,T2,2025,No,Invierno
20250605,05/06/2025,5,Jueves,23,6,Junio,T2,2025,No,Invierno
20250606,06/06/2025,6,Viernes,23,6,Junio,T2,2025,No,Invierno
20250607,07/06/2025,7,Sábado,23,6,Junio,T2,2025,Sí,Invierno
20250608,08/06/2025,8,Domingo,23,6,Junio,T2,2025,Sí,Invierno
20250609,09/06/2025,9,Lunes,24,6,Junio,T2,2025,No,Invierno
20250610,10/06/2025,10,Martes,24,6,Junio,T2,2025,No,Invierno
20250611,11/06/2025,11,Miércoles,24,6,Junio,T2,2025,No,Invierno
20250612,12/06/2025,12,Jueves,24,6,Junio,T2,2025,No,Invierno
20250613,13/06/2025,13,Viernes,24,6,Junio,T2,2025,No,Invierno
20250614,14/06/2025,14,Sábado,24,6,Junio,T2,2025,Sí,Invierno
20250615,15/06/2025,15,Domingo,24,6,Junio,T2,2025,Sí,Invierno
20250616,16/06/2025,16,Lunes,25,6,Junio,T2,2025,No,Invierno
20250617,17/06/2025,17,Martes,25,6,Junio,T2,2025,No,Invierno
20250618,18/06/2025,18,Miércoles,25,6,Junio,T2,2025,No,Invierno
20250619,19/06/2025,19,Jueves,25,6,Junio,T2,2025,No,Invierno
20250620,20/06/2025,20,Viernes,25,6,Junio,T2,2025,No,Invierno
20250621,21/06/2025,21,Sábado,25,6,Junio,T2,2025,Sí,Invierno
20250622,22/06/2025,22,Domingo,25,6,Junio,T2,2025,Sí,Invierno
20250623,23/06/2025,23,Lunes,26,6,Junio,T2,2025,No,Invierno
20250624,24/06/2025,24,Martes,26,6,Junio,T2,2025,No,Invierno
20250625,25/06/2025,25,Miércoles,26,6,Junio,T2,2025,No,Invierno
20250626,26/06/2025,26,Jueves,26,6,Junio,T2,2025,No,Invierno
20250627,27/06/2025,27,Viernes,26,6,Junio,T2,2025,No,Invierno
20250628,28/06/2025,28,Sábado,26,6,Junio,T2,2025,Sí,Invierno
20250629,29/06/2025,29,Domingo,26,6,Junio,T2,2025,Sí,Invierno
20250630,30/06/2025,30,Lunes,27,6,Junio,T2,2025,No,Invierno
20250701,01/07/2025,1,Martes,27,7,Julio,T3,2025,No,Invierno
20250702,02/07/2025,2,Miércoles,27,7,Julio,T3,2025,No,Invierno
20250703,03/07/2025,3,Jueves,27,7,Julio,T3,2025,No,Invierno
20250704,04/07/2025,4,Viernes,27,7,Julio,T3,2025,No,Invierno
20250705,05/07/2025,5,Sábado,27,7,Julio,T3,2025,Sí,Invierno
20250706,06/07/2025,6,Domingo,27,7,Julio,T3,2025,Sí,Invierno
20250707,07/07/2025,7,Lunes,28,7,Julio,T3,2025,No,Invierno
20250708,08/07/2025,8,Martes,28,7,Julio,T3,2025,No,Invierno
20250709,09/07/2025,9,Miércoles,28,7,Julio,T3,2025,No,Invierno
20250710,10/07/2025,10,Jueves,28,7,Julio,T3,2025,No,Invierno
20250711,11/07/2025,11,Viernes,28,7,Julio,T3,2025,No,Invierno
20250712,12/07/2025,12,Sábado,28,7,Julio,T3,2025,Sí,Invierno
20250713,13/07/2025,13,Domingo,28,7,Julio,T3,2025,Sí,Invierno
20250714,14/07/2025,14,Lunes,29,7,Julio,T3,2025,No,Invierno
20250715,15/07/2025,15,Martes,29,7,Julio,T3,2025,No,Invierno
20250716,16/07/2025,16,Miércoles,29,7,Julio,T3,2025,No,Invierno
20250717,17/07/2025,17,Jueves,29,7,Julio,T3,2025,No,Invierno
20250718,18/07/2025,18,Viernes,29,7,Julio,T3,2025,No,Invierno
20250719,19/07/2025,19,Sábado,29,7,Julio,T3,2025,Sí,Invierno
20250720,20/07/2025,20,Domingo,29,7,Julio,T3,2025,Sí,Invierno
20250721,21/07/2025,21,Lunes,30,7,Julio,T3,2025,No,Invierno
20250722,22/07/2025,22,Martes,30,7,Julio,T3,2025,No,Invierno
20250723,23/07/2025,23,Miércoles,30,7,Julio,T3,2025,No,Invierno
20250724,24/07/2025,24,Jueves,30,7,Julio,T3,2025,No,Invierno
20250725,25/07/2025,25,Viernes,30,7,Julio,T3,2025,No,Invierno
20250726,26/07/2025,26,Sábado,30,7,Julio,T3,2025,Sí,Invierno
20250727,27/07/2025,27,Domingo,30,7,Julio,T3,2025,Sí,Invierno
20250728,28/07/2025,28,Lunes,31,7,Julio,T3,2025,No,Invierno
20250729,29/07/2025,29,Martes,31,7,Julio,T3,2025,No,Invierno
20250730,30/07/2025,30,Miércoles,31,7,Julio,T3,2025,No,Invierno
20250731,31/07/2025,31,Jueves,31,7,Julio,T3,2025,No,Invierno
20250801,01/08/2025,1,Viernes,31,8,Agosto,T3,2025,No,Invierno
20250802,02/08/2025,2,Sábado,31,8,Agosto,T3,2025,Sí,Invierno
20250803,03/08/2025,3,Domingo,31,8,Agosto,T3,2025,Sí,Invierno
20250804,04/08/2025,4,Lunes,32,8,Agosto,T3,2025,No,Invierno
20250805,05/08/2025,5,Martes,32,8,Agosto,T3,2025,No,Invierno
20250806,06/08/2025,6,Miércoles,32,8,Agosto,T3,2025,No,Invierno
20250807,07/08/2025,7,Jueves,32,8,Agosto,T3,2025,No,Invierno
20250808,08/08/2025,8,Viernes,32,8,Agosto,T3,2025,No,Invierno
20250809,09/08/2025,9,Sábado,32,8,Agosto,T3,2025,Sí,Invierno
20250810,10/08/2025,10,Domingo,32,8,Agosto,T3,2025,Sí,Invierno
20250811,11/08/2025,11,Lunes,33,8,Agosto,T3,2025,No,Invierno
20250812,12/08/2025,12,Martes,33,8,Agosto,T3,2025,No,Invierno
20250813,13/08/2025,13,Miércoles,33,8,Agosto,T3,2025,No,Invierno
20250814,14/08/2025,14,Jueves,33,8,Agosto,T3,2025,No,Invierno
20250815,15/08/2025,15,Viernes,33,8,Agosto,T3,2025,No,Invierno
20250816,16/08/2025,16,Sábado,33,8,Agosto,T3,2025,Sí,Invierno
20250817,17/08/2025,17,Domingo,33,8,Agosto,T3,2025,Sí,Invierno
20250818,18/08/2025,18,Lunes,34,8,Agosto,T3,2025,No,Invierno
20250819,19/08/2025,19,Martes,34,8,Agosto,T3,2025,No,Invierno
20250820,20/08/2025,20,Miércoles,34,8,Agosto,T3,2025,No,Invierno
20250821,21/08/2025,21,Jueves,34,8,Agosto,T3,2025,No,Invierno
20250822,22/08/2025,22,Viernes,34,8,Agosto,T3,2025,No,Invierno
20250823,23/08/2025,23,Sábado,34,8,Agosto,T3,2025,Sí,Invierno
20250824,24/08/2025,24,Domingo,34,8,Agosto,T3,2025,Sí,Invierno
20250825,25/08/2025,25,Lunes,35,8,Agosto,T3,2025,No,Invierno
20250826,26/08/2025,26,Martes,35,8,Agosto,T3,2025,No,Invierno
20250827,27/08/2025,27,Miércoles,35,8,Agosto,T3,2025,No,Invierno
20250828,28/08/2025,28,Jueves,35,8,Agosto,T3,2025,No,Invierno
20250829,29/08/2025,29,Viernes,35,8,Agosto,T3,2025,No,Invierno
20250830,30/08/2025,30,Sábado,35,8,Agosto,T3,2025,Sí,Invierno
20250831,31/08/2025,31,Domingo,35,8,Agosto,T3,2025,Sí,Invierno
20250901,01/09/2025,1,Lunes,36,9,Septiembre,T3,2025,No,Primavera
20250902,02/09/2025,2,Martes,36,9,Septiembre,T3,2025,No,Primavera
20250903,03/09/2025,3,Miércoles,36,9,Septiembre,T3,2025,No,Primavera
20250904,04/09/2025,4,Jueves,36,9,Septiembre,T3,2025,No,Primavera
20250905,05/09/2025,5,Viernes,36,9,Septiembre,T3,2025,No,Primavera
20250906,06/09/2025,6,Sábado,36,9,Septiembre,T3,2025,Sí,Primavera
20250907,07/09/2025,7,Domingo,36,9,Septiembre,T3,2025,Sí,Primavera
20250908,08/09/2025,8,Lunes,37,9,Septiembre,T3,2025,No,Primavera
20250909,09/09/2025,9,Martes,37,9,Septiembre,T3,2025,No,Primavera
20250910,10/09/2025,10,Miércoles,37,9,Septiembre,T3,2025,No,Primavera
20250911,11/09/2025,11,Jueves,37,9,Septiembre,T3,2025,No,Primavera
20250912,12/09/2025,12,Viernes,37,9,Septiembre,T3,2025,No,Primavera
20250913,13/09/2025,13,Sábado,37,9,Septiembre,T3,2025,Sí,Primavera
20250914,14/09/2025,14,Domingo,37,9,Septiembre,T3,2025,Sí,Primavera
20250915,15/09/2025,15,Lunes,38,9,Septiembre,T3,2025,No,Primavera
20250916,16/09/2025,16,Martes,38,9,Septiembre,T3,2025,No,Primavera
20250917,17/09/2025,17,Miércoles,38,9,Septiembre,T3,2025,No,Primavera
20250918,18/09/2025,18,Jueves,38,9,Septiembre,T3,2025,No,Primavera
20250919,19/09/2025,19,Viernes,38,9,Septiembre,T3,2025,No,Primavera
20250920,20/09/2025,20,Sábado,38,9,Septiembre,T3,2025,Sí,Primavera
20250921,21/09/2025,21,Domingo,38,9,Septiembre,T3,2025,Sí,Primavera
20250922,22/09/2025,22,Lunes,39,9,Septiembre,T3,2025,No,Primavera
20250923,23/09/2025,23,Martes,39,9,Septiembre,T3,2025,No,Primavera
20250924,24/09/2025,24,Miércoles,39,9,Septiembre,T3,2025,No,Primavera
20250925,25/09/2025,25,Jueves,39,9,Septiembre,T3,2025,No,Primavera
20250926,26/09/2025,26,Viernes,39,9,Septiembre,T3,2025,No,Primavera
20250927,27/09/2025,27,Sábado,39,9,Septiembre,T3,2025,Sí,Primavera
20250928,28/09/2025,28,Domingo,39,9,Septiembre,T3,2025,Sí,Primavera
20250929,29/09/2025,29,Lunes,40,9,Septiembre,T3,2025,No,Primavera
20250930,30/09/2025,30,Martes,40,9,Septiembre,T3,2025,No,Primavera
20251001,01/10/2025,1,Miércoles,40,10,Octubre,T4,2025,No,Primavera
20251002,02/10/2025,2,Jueves,40,10,Octubre,T4,2025,No,Primavera
20251003,03/10/2025,3,Viernes,40,10,Octubre,T4,2025,No,Primavera
20251004,04/10/2025,4,Sábado,40,10,Octubre,T4,2025,Sí,Primavera
20251005,05/10/2025,5,Domingo,40,10,Octubre,T4,2025,Sí,Primavera
20251006,06/10/2025,6,Lunes,41,10,Octubre,T4,2025,No,Primavera
20251007,07/10/2025,7,Martes,41,10,Octubre,T4,2025,No,Primavera
20251008,08/10/2025,8,Miércoles,41,10,Octubre,T4,2025,No,Primavera
20251009,09/10/2025,9,Jueves,41,10,Octubre,T4,2025,No,Primavera
20251010,10/10/2025,10,Viernes,41,10,Octubre,T4,2025,No,Primavera
20251011,11/10/2025,11,Sábado,41,10,Octubre,T4,2025,Sí,Primavera
20251012,12/10/2025,12,Domingo,41,10,Octubre,T4,2025,Sí,Primavera
20251013,13/10/2025,13,Lunes,42,10,Octubre,T4,2025,No,Primavera
20251014,14/10/2025,14,Martes,42,10,Octubre,T4,2025,No,Primavera
20251015,15/10/2025,15,Miércoles,42,10,Octubre,T4,2025,No,Primavera
20251016,16/10/2025,16,Jueves,42,10,Octubre,T4,2025,No,Primavera
20251017,17/10/2025,17,Viernes,42,10,Octubre,T4,2025,No,Primavera
20251018,18/10/2025,18,Sábado,42,10,Octubre,T4,2025,Sí,Primavera
20251019,19/10/2025,19,Domingo,42,10,Octubre,T4,2025,Sí,Primavera
20251020,20/10/2025,20,Lunes,43,10,Octubre,T4,2025,No,Primavera
20251021,21/10/2025,21,Martes,43,10,Octubre,T4,2025,No,Primavera
20251022,22/10/2025,22,Miércoles,43,10,Octubre,T4,2025,No,Primavera
20251023,23/10/2025,23,Jueves,43,10,Octubre,T4,2025,No,Primavera
20251024,24/10/2025,24,Viernes,43,10,Octubre,T4,2025,No,Primavera
20251025,25/10/2025,25,Sábado,43,10,Octubre,T4,2025,Sí,Primavera
20251026,26/10/2025,26,Domingo,43,10,Octubre,T4,2025,Sí,Primavera
20251027,27/10/2025,27,Lunes,44,10,Octubre,T4,2025,No,Primavera
20251028,28/10/2025,28,Martes,44,10,Octubre,T4,2025,No,Primavera
20251029,29/10/2025,29,Miércoles,44,10,Octubre,T4,2025,No,Primavera
20251030,30/10/2025,30,Jueves,44,10,Octubre,T4,2025,No,Primavera
20251031,31/10/2025,31,Viernes,44,10,Octubre,T4,2025,No,Primavera
20251101,01/11/2025,1,Sábado,44,11,Noviembre,T4,2025,Sí,Primavera
20251102,02/11/2025,2,Domingo,44,11,Noviembre,T4,2025,Sí,Primavera
20251103,03/11/2025,3,Lunes,45,11,Noviembre,T4,2025,No,Primavera
20251104,04/11/2025,4,Martes,45,11,Noviembre,T4,2025,No,Primavera
20251105,05/11/2025,5,Miércoles,45,11,Noviembre,T4,2025,No,Primavera
20251106,06/11/2025,6,Jueves,45,11,Noviembre,T4,2025,No,Primavera
20251107,07/11/2025,7,Viernes,45,11,Noviembre,T4,2025,No,Primavera
20251108,08/11/2025,8,Sábado,45,11,Noviembre,T4,2025,Sí,Primavera
20251109,09/11/2025,9,Domingo,45,11,Noviembre,T4,2025,Sí,Primavera
20251110,10/11/2025,10,Lunes,46,11,Noviembre,T4,2025,No,Primavera
20251111,11/11/2025,11,Martes,46,11,Noviembre,T4,2025,No,Primavera
20251112,12/11/2025,12,Miércoles,46,11,Noviembre,T4,2025,No,Primavera
20251113,13/11/2025,13,Jueves,46,11,Noviembre,T4,2025,No,Primavera
20251114,14/11/2025,14,Viernes,46,11,Noviembre,T4,2025,No,Primavera
20251115,15/11/2025,15,Sábado,46,11,Noviembre,T4,2025,Sí,Primavera
20251116,16/11/2025,16,Domingo,46,11,Noviembre,T4,2025,Sí,Primavera
20251117,17/11/2025,17,Lunes,47,11,Noviembre,T4,2025,No,Primavera
20251118,18/11/2025,18,Martes,47,11,Noviembre,T4,2025,No,Primavera
20251119,19/11/2025,19,Miércoles,47,11,Noviembre,T4,2025,No,Primavera
20251120,20/11/2025,20,Jueves,47,11,Noviembre,T4,2025,No,Primavera
20251121,21/11/2025,21,Viernes,47,11,Noviembre,T4,2025,No,Primavera
20251122,22/11/2025,22,Sábado,47,11,Noviembre,T4,2025,Sí,Primavera
20251123,23/11/2025,23,Domingo,47,11,Noviembre,T4,2025,Sí,Primavera
20251124,24/11/2025,24,Lunes,48,11,Noviembre,T4,2025,No,Primavera
20251125,25/11/2025,25,Martes,48,11,Noviembre,T4,2025,No,Primavera
20251126,26/11/2025,26,Miércoles,48,11,Noviembre,T4,2025,No,Primavera
20251127,27/11/2025,27,Jueves,48,11,Noviembre,T4,2025,No,Primavera
20251128,28/11/2025,28,Viernes,48,11,Noviembre,T4,2025,No,Primavera
20251129,29/11/2025,29,Sábado,48,11,Noviembre,T4,2025,Sí,Primavera
20251130,30/11/2025,30,Domingo,48,11,Noviembre,T4,2025,Sí,Primavera
20251201,01/12/2025,1,Lunes,49,12,Diciembre,T4,2025,No,Verano
20251202,02/12/2025,2,Martes,49,12,Diciembre,T4,2025,No,Verano
20251203,03/12/2025,3,Miércoles,49,12,Diciembre,T4,2025,No,Verano
20251204,04/12/2025,4,Jueves,49,12,Diciembre,T4,2025,No,Verano
20251205,05/12/2025,5,Viernes,49,12,Diciembre,T4,2025,No,Verano
20251206,06/12/2025,6,Sábado,49,12,Diciembre,T4,2025,Sí,Verano
20251207,07/12/2025,7,Domingo,49,12,Diciembre,T4,2025,Sí,Verano
20251208,08/12/2025,8,Lunes,50,12,Diciembre,T4,2025,No,Verano
20251209,09/12/2025,9,Martes,50,12,Diciembre,T4,2025,No,Verano
20251210,10/12/2025,10,Miércoles,50,12,Diciembre,T4,2025,No,Verano
20251211,11/12/2025,11,Jueves,50,12,Diciembre,T4,2025,No,Verano
20251212,12/12/2025,12,Viernes,50,12,Diciembre,T4,2025,No,Verano
20251213,13/12/2025,13,Sábado,50,12,Diciembre,T4,2025,Sí,Verano
20251214,14/12/2025,14,Domingo,50,12,Diciembre,T4,2025,Sí,Verano
20251215,15/12/2025,15,Lunes,51,12,Diciembre,T4,2025,No,Verano
20251216,16/12/2025,16,Martes,51,12,Diciembre,T4,2025,No,Verano
20251217,17/12/2025,17,Miércoles,51,12,Diciembre,T4,2025,No,Verano
20251218,18/12/2025,18,Jueves,51,12,Diciembre,T4,2025,No,Verano
20251219,19/12/2025,19,Viernes,51,12,Diciembre,T4,2025,No,Verano
20251220,20/12/2025,20,Sábado,51,12,Diciembre,T4,2025,Sí,Verano
20251221,21/12/2025,21,Domingo,51,12,Diciembre,T4,2025,Sí,Verano
20251222,22/12/2025,22,Lunes,52,12,Diciembre,T4,2025,No,Verano
20251223,23/12/2025,23,Martes,52,12,Diciembre,T4,2025,No,Verano
20251224,24/12/2025,24,Miércoles,52,12,Diciembre,T4,2025,No,Verano
20251225,25/12/2025,25,Jueves,52,12,Diciembre,T4,2025,No,Verano
20251226,26/12/2025,26,Viernes,52,12,Diciembre,T4,2025,No,Verano
20251227,27/12/2025,27,Sábado,52,12,Diciembre,T4,2025,Sí,Verano
20251228,28/12/2025,28,Domingo,52,12,Diciembre,T4,2025,Sí,Verano
20251229,29/12/2025,29,Lunes,1,12,Diciembre,T4,2025,No,Verano
20251230,30/12/2025,30,Martes,1,12,Diciembre,T4,2025,No,Verano
20251231,31/12/2025,31,Miércoles,1,12,Diciembre,T4,2025,No,Verano
20260101,01/01/2026,1,Jueves,1,1,Enero,T1,2026,No,Verano
20260102,02/01/2026,2,Viernes,1,1,Enero,T1,2026,No,Verano
20260103,03/01/2026,3,Sábado,1,1,Enero,T1,2026,Sí,Verano
20260104,04/01/2026,4,Domingo,1,1,Enero,T1,2026,Sí,Verano
20260105,05/01/2026,5,Lunes,2,1,Enero,T1,2026,No,Verano
20260106,06/01/2026,6,Martes,2,1,Enero,T1,2026,No,Verano
20260107,07/01/2026,7,Miércoles,2,1,Enero,T1,2026,No,Verano
20260108,08/01/2026,8,Jueves,2,1,Enero,T1,2026,No,Verano
20260109,09/01/2026,9,Viernes,2,1,Enero,T1,2026,No,Verano
20260110,10/01/2026,10,Sábado,2,1,Enero,T1,2026,Sí,Verano
20260111,11/01/2026,11,Domingo,2,1,Enero,T1,2026,Sí,Verano
20260112,12/01/2026,12,Lunes,3,1,Enero,T1,2026,No,Verano
20260113,13/01/2026,13,Martes,3,1,Enero,T1,2026,No,Verano
20260114,14/01/2026,14,Miércoles,3,1,Enero,T1,2026,No,Verano
20260115,15/01/2026,15,Jueves,3,1,Enero,T1,2026,No,Verano
20260116,16/01/2026,16,Viernes,3,1,Enero,T1,2026,No,Verano
20260117,17/01/2026,17,Sábado,3,1,Enero,T1,2026,Sí,Verano
20260118,18/01/2026,18,Domingo,3,1,Enero,T1,2026,Sí,Verano
20260119,19/01/2026,19,Lunes,4,1,Enero,T1,2026,No,Verano
20260120,20/01/2026,20,Martes,4,1,Enero,T1,2026,No,Verano
20260121,21/01/2026,21,Miércoles,4,1,Enero,T1,2026,No,Verano
20260122,22/01/2026,22,Jueves,4,1,Enero,T1,2026,No,Verano
20260123,23/01/2026,23,Viernes,4,1,Enero,T1,2026,No,Verano
20260124,24/01/2026,24,Sábado,4,1,Enero,T1,2026,Sí,Verano
20260125,25/01/2026,25,Domingo,4,1,Enero,T1,2026,Sí,Verano
20260126,26/01/2026,26,Lunes,5,1,Enero,T1,2026,No,Verano
20260127,27/01/2026,27,Martes,5,1,Enero,T1,2026,No,Verano
20260128,28/01/2026,28,Miércoles,5,1,Enero,T1,2026,No,Verano
20260129,29/01/2026,29,Jueves,5,1,Enero,T1,2026,No,Verano
20260130,30/01/2026,30,Viernes,5,1,Enero,T1,2026,No,Verano
20260131,31/01/2026,31,Sábado,5,1,Enero,T1,2026,Sí,Verano
20260201,01/02/2026,1,Domingo,5,2,Febrero,T1,2026,Sí,Verano
20260202,02/02/2026,2,Lunes,6,2,Febrero,T1,2026,No,Verano
20260203,03/02/2026,3,Martes,6,2,Febrero,T1,2026,No,Verano
20260204,04/02/2026,4,Miércoles,6,2,Febrero,T1,2026,No,Verano
20260205,05/02/2026,5,Jueves,6,2,Febrero,T1,2026,No,Verano
20260206,06/02/2026,6,Viernes,6,2,Febrero,T1,2026,No,Verano
20260207,07/02/2026,7,Sábado,6,2,Febrero,T1,2026,Sí,Verano
20260208,08/02/2026,8,Domingo,6,2,Febrero,T1,2026,Sí,Verano
20260209,09/02/2026,9,Lunes,7,2,Febrero,T1,2026,No,Verano
20260210,10/02/2026,10,Martes,7,2,Febrero,T1,2026,No,Verano
20260211,11/02/2026,11,Miércoles,7,2,Febrero,T1,2026,No,Verano
20260212,12/02/2026,12,Jueves,7,2,Febrero,T1,2026,No,Verano
20260213,13/02/2026,13,Viernes,7,2,Febrero,T1,2026,No,Verano
20260214,14/02/2026,14,Sábado,7,2,Febrero,T1,2026,Sí,Verano
20260215,15/02/2026,15,Domingo,7,2,Febrero,T1,2026,Sí,Verano
20260216,16/02/2026,16,Lunes,8,2,Febrero,T1,2026,No,Verano
20260217,17/02/2026,17,Martes,8,2,Febrero,T1,2026,No,Verano
20260218,18/02/2026,18,Miércoles,8,2,Febrero,T1,2026,No,Verano
20260219,19/02/2026,19,Jueves,8,2,Febrero,T1,2026,No,Verano
20260220,20/02/2026,20,Viernes,8,2,Febrero,T1,2026,No,Verano
20260221,21/02/2026,21,Sábado,8,2,Febrero,T1,2026,Sí,Verano
20260222,22/02/2026,22,Domingo,8,2,Febrero,T1,2026,Sí,Verano
20260223,23/02/2026,23,Lunes,9,2,Febrero,T1,2026,No,Verano
20260224,24/02/2026,24,Martes,9,2,Febrero,T1,2026,No,Verano
20260225,25/02/2026,25,Miércoles,9,2,Febrero,T1,2026,No,Verano
20260226,26/02/2026,26,Jueves,9,2,Febrero,T1,2026,No,Verano
20260227,27/02/2026,27,Viernes,9,2,Febrero,T1,2026,No,Verano
20260228,28/02/2026,28,Sábado,9,2,Febrero,T1,2026,Sí,Verano
20260301,01/03/2026,1,Domingo,9,3,Marzo,T1,2026,Sí,Otoño
20260302,02/03/2026,2,Lunes,10,3,Marzo,T1,2026,No,Otoño
20260303,03/03/2026,3,Martes,10,3,Marzo,T1,2026,No,Otoño
20260304,04/03/2026,4,Miércoles,10,3,Marzo,T1,2026,No,Otoño
20260305,05/03/2026,5,Jueves,10,3,Marzo,T1,2026,No,Otoño
20260306,06/03/2026,6,Viernes,10,3,Marzo,T1,2026,No,Otoño
20260307,07/03/2026,7,Sábado,10,3,Marzo,T1,2026,Sí,Otoño
20260308,08/03/2026,8,Domingo,10,3,Marzo,T1,2026,Sí,Otoño
20260309,09/03/2026,9,Lunes,11,3,Marzo,T1,2026,No,Otoño
20260310,10/03/2026,10,Martes,11,3,Marzo,T1,2026,No,Otoño
20260311,11/03/2026,11,Miércoles,11,3,Marzo,T1,2026,No,Otoño
20260312,12/03/2026,12,Jueves,11,3,Marzo,T1,2026,No,Otoño
20260313,13/03/2026,13,Viernes,11,3,Marzo,T1,2026,No,Otoño
20260314,14/03/2026,14,Sábado,11,3,Marzo,T1,2026,Sí,Otoño
20260315,15/03/2026,15,Domingo,11,3,Marzo,T1,2026,Sí,Otoño
20260316,16/03/2026,16,Lunes,12,3,Marzo,T1,2026,No,Otoño
20260317,17/03/2026,17,Martes,12,3,Marzo,T1,2026,No,Otoño
20260318,18/03/2026,18,Miércoles,12,3,Marzo,T1,2026,No,Otoño
20260319,19/03/2026,19,Jueves,12,3,Marzo,T1,2026,No,Otoño
20260320,20/03/2026,20,Viernes,12,3,Marzo,T1,2026,No,Otoño
20260321,21/03/2026,21,Sábado,12,3,Marzo,T1,2026,Sí,Otoño
20260322,22/03/2026,22,Domingo,12,3,Marzo,T1,2026,Sí,Otoño
20260323,23/03/2026,23,Lunes,13,3,Marzo,T1,2026,No,Otoño
20260324,24/03/2026,24,Martes,13,3,Marzo,T1,2026,No,Otoño
20260325,25/03/2026,25,Miércoles,13,3,Marzo,T1,2026,No,Otoño
20260326,26/03/2026,26,Jueves,13,3,Marzo,T1,2026,No,Otoño
20260327,27/03/2026,27,Viernes,13,3,Marzo,T1,2026,No,Otoño
20260328,28/03/2026,28,Sábado,13,3,Marzo,T1,2026,Sí,Otoño
20260329,29/03/2026,29,Domingo,13,3,Marzo,T1,2026,Sí,Otoño
20260330,30/03/2026,30,Lunes,14,3,Marzo,T1,2026,No,Otoño
20260331,31/03/2026,31,Martes,14,3,Marzo,T1,2026,No,Otoño
20260401,01/04/2026,1,Miércoles,14,4,Abril,T2,2026,No,Otoño
20260402,02/04/2026,2,Jueves,14,4,Abril,T2,2026,No,Otoño
20260403,03/04/2026,3,Viernes,14,4,Abril,T2,2026,No,Otoño
20260404,04/04/2026,4,Sábado,14,4,Abril,T2,2026,Sí,Otoño
20260405,05/04/2026,5,Domingo,14,4,Abril,T2,2026,Sí,Otoño
20260406,06/04/2026,6,Lunes,15,4,Abril,T2,2026,No,Otoño
20260407,07/04/2026,7,Martes,15,4,Abril,T2,2026,No,Otoño
20260408,08/04/2026,8,Miércoles,15,4,Abril,T2,2026,No,Otoño
20260409,09/04/2026,9,Jueves,15,4,Abril,T2,2026,No,Otoño
20260410,10/04/2026,10,Viernes,15,4,Abril,T2,2026,No,Otoño
20260411,11/04/2026,11,Sábado,15,4,Abril,T2,2026,Sí,Otoño
20260412,12/04/2026,12,Domingo,15,4,Abril,T2,2026,Sí,Otoño
20260413,13/04/2026,13,Lunes,16,4,Abril,T2,2026,No,Otoño
20260414,14/04/2026,14,Martes,16,4,Abril,T2,2026,No,Otoño
20260415,15/04/2026,15,Miércoles,16,4,Abril,T2,2026,No,Otoño
20260416,16/04/2026,16,Jueves,16,4,Abril,T2,2026,No,Otoño
20260417,17/04/2026,17,Viernes,16,4,Abril,T2,2026,No,Otoño
20260418,18/04/2026,18,Sábado,16,4,Abril,T2,2026,Sí,Otoño
20260419,19/04/2026,19,Domingo,16,4,Abril,T2,2026,Sí,Otoño
20260420,20/04/2026,20,Lunes,17,4,Abril,T2,2026,No,Otoño
20260421,21/04/2026,21,Martes,17,4,Abril,T2,2026,No,Otoño
20260422,22/04/2026,22,Miércoles,17,4,Abril,T2,2026,No,Otoño
20260423,23/04/2026,23,Jueves,17,4,Abril,T2,2026,No,Otoño
20260424,24/04/2026,24,Viernes,17,4,Abril,T2,2026,No,Otoño
20260425,25/04/2026,25,Sábado,17,4,Abril,T2,2026,Sí,Otoño
20260426,26/04/2026,26,Domingo,17,4,Abril,T2,2026,Sí,Otoño
20260427,27/04/2026,27,Lunes,18,4,Abril,T2,2026,No,Otoño
20260428,28/04/2026,28,Martes,18,4,Abril,T2,2026,No,Otoño
20260429,29/04/2026,29,Miércoles,18,4,Abril,T2,2026,No,Otoño
20260430,30/04/2026,30,Jueves,18,4,Abril,T2,2026,No,Otoño
20260501,01/05/2026,1,Viernes,18,5,Mayo,T2,2026,No,Otoño
20260502,02/05/2026,2,Sábado,18,5,Mayo,T2,2026,Sí,Otoño
20260503,03/05/2026,3,Domingo,18,5,Mayo,T2,2026,Sí,Otoño
20260504,04/05/2026,4,Lunes,19,5,Mayo,T2,2026,No,Otoño
20260505,05/05/2026,5,Martes,19,5,Mayo,T2,2026,No,Otoño
20260506,06/05/2026,6,Miércoles,19,5,Mayo,T2,2026,No,Otoño
20260507,07/05/2026,7,Jueves,19,5,Mayo,T2,2026,No,Otoño
20260508,08/05/2026,8,Viernes,19,5,Mayo,T2,2026,No,Otoño
20260509,09/05/2026,9,Sábado,19,5,Mayo,T2,2026,Sí,Otoño
20260510,10/05/2026,10,Domingo,19,5,Mayo,T2,2026,Sí,Otoño
20260511,11/05/2026,11,Lunes,20,5,Mayo,T2,2026,No,Otoño
20260512,12/05/2026,12,Martes,20,5,Mayo,T2,2026,No,Otoño
20260513,13/05/2026,13,Miércoles,20,5,Mayo,T2,2026,No,Otoño
20260514,14/05/2026,14,Jueves,20,5,Mayo,T2,2026,No,Otoño
20260515,15/05/2026,15,Viernes,20,5,Mayo,T2,2026,No,Otoño
20260516,16/05/2026,16,Sábado,20,5,Mayo,T2,2026,Sí,Otoño
20260517,17/05/2026,17,Domingo,20,5,Mayo,T2,2026,Sí,Otoño
20260518,18/05/2026,18,Lunes,21,5,Mayo,T2,2026,No,Otoño
20260519,19/05/2026,19,Martes,21,5,Mayo,T2,2026,No,Otoño
20260520,20/05/2026,20,Miércoles,21,5,Mayo,T2,2026,No,Otoño
20260521,21/05/2026,21,Jueves,21,5,Mayo,T2,2026,No,Otoño
20260522,22/05/2026,22,Viernes,21,5,Mayo,T2,2026,No,Otoño
20260523,23/05/2026,23,Sábado,21,5,Mayo,T2,2026,Sí,Otoño
20260524,24/05/2026,24,Domingo,21,5,Mayo,T2,2026,Sí,Otoño
20260525,25/05/2026,25,Lunes,22,5,Mayo,T2,2026,No,Otoño
20260526,26/05/2026,26,Martes,22,5,Mayo,T2,2026,No,Otoño
20260527,27/05/2026,27,Miércoles,22,5,Mayo,T2,2026,No,Otoño
20260528,28/05/2026,28,Jueves,22,5,Mayo,T2,2026,No,Otoño
20260529,29/05/2026,29,Viernes,22,5,Mayo,T2,2026,No,Otoño
20260530,30/05/2026,30,Sábado,22,5,Mayo,T2,2026,Sí,Otoño
20260531,31/05/2026,31,Domingo,22,5,Mayo,T2,2026,Sí,Otoño
20260601,01/06/2026,1,Lunes,23,6,Junio,T2,2026,No,Invierno
20260602,02/06/2026,2,Martes,23,6,Junio,T2,2026,No,Invierno
20260603,03/06/2026,3,Miércoles,23,6,Junio,T2,2026,No,Invierno
20260604,04/06/2026,4,Jueves,23,6,Junio,T2,2026,No,Invierno
20260605,05/06/2026,5,Viernes,23,6,Junio,T2,2026,No,Invierno
20260606,06/06/2026,6,Sábado,23,6,Junio,T2,2026,Sí,Invierno
20260607,07/06/2026,7,Domingo,23,6,Junio,T2,2026,Sí,Invierno
20260608,08/06/2026,8,Lunes,24,6,Junio,T2,2026,No,Invierno
20260609,09/06/2026,9,Martes,24,6,Junio,T2,2026,No,Invierno
20260610,10/06/2026,10,Miércoles,24,6,Junio,T2,2026,No,Invierno
20260611,11/06/2026,11,Jueves,24,6,Junio,T2,2026,No,Invierno
20260612,12/06/2026,12,Viernes,24,6,Junio,T2,2026,No,Invierno
20260613,13/06/2026,13,Sábado,24,6,Junio,T2,2026,Sí,Invierno
20260614,14/06/2026,14,Domingo,24,6,Junio,T2,2026,Sí,Invierno
20260615,15/06/2026,15,Lunes,25,6,Junio,T2,2026,No,Invierno
20260616,16/06/2026,16,Martes,25,6,Junio,T2,2026,No,Invierno
20260617,17/06/2026,17,Miércoles,25,6,Junio,T2,2026,No,Invierno
20260618,18/06/2026,18,Jueves,25,6,Junio,T2,2026,No,Invierno
20260619,19/06/2026,19,Viernes,25,6,Junio,T2,2026,No,Invierno
20260620,20/06/2026,20,Sábado,25,6,Junio,T2,2026,Sí,Invierno
20260621,21/06/2026,21,Domingo,25,6,Junio,T2,2026,Sí,Invierno
20260622,22/06/2026,22,Lunes,26,6,Junio,T2,2026,No,Invierno
20260623,23/06/2026,23,Martes,26,6,Junio,T2,2026,No,Invierno
20260624,24/06/2026,24,Miércoles,26,6,Junio,T2,2026,No,Invierno
20260625,25/06/2026,25,Jueves,26,6,Junio,T2,2026,No,Invierno
20260626,26/06/2026,26,Viernes,26,6,Junio,T2,2026,No,Invierno
20260627,27/06/2026,27,Sábado,26,6,Junio,T2,2026,Sí,Invierno
20260628,28/06/2026,28,Domingo,26,6,Junio,T2,2026,Sí,Invierno
20260629,29/06/2026,29,Lunes,27,6,Junio,T2,2026,No,Invierno
20260630,30/06/2026,30,Martes,27,6,Junio,T2,2026,No,Invierno
20260701,01/07/2026,1,Miércoles,27,7,Julio,T3,2026,No,Invierno
20260702,02/07/2026,2,Jueves,27,7,Julio,T3,2026,No,Invierno
20260703,03/07/2026,3,Viernes,27,7,Julio,T3,2026,No,Invierno
20260704,04/07/2026,4,Sábado,27,7,Julio,T3,2026,Sí,Invierno
20260705,05/07/2026,5,Domingo,27,7,Julio,T3,2026,Sí,Invierno
20260706,06/07/2026,6,Lunes,28,7,Julio,T3,2026,No,Invierno
20260707,07/07/2026,7,Martes,28,7,Julio,T3,2026,No,Invierno
20260708,08/07/2026,8,Miércoles,28,7,Julio,T3,2026,No,Invierno
20260709,09/07/2026,9,Jueves,28,7,Julio,T3,2026,No,Invierno
20260710,10/07/2026,10,Viernes,28,7,Julio,T3,2026,No,Invierno
20260711,11/07/2026,11,Sábado,28,7,Julio,T3,2026,Sí,Invierno
20260712,12/07/2026,12,Domingo,28,7,Julio,T3,2026,Sí,Invierno
20260713,13/07/2026,13,Lunes,29,7,Julio,T3,2026,No,Invierno
20260714,14/07/2026,14,Martes,29,7,Julio,T3,2026,No,Invierno
20260715,15/07/2026,15,Miércoles,29,7,Julio,T3,2026,No,Invierno
20260716,16/07/2026,16,Jueves,29,7,Julio,T3,2026,No,Invierno
20260717,17/07/2026,17,Viernes,29,7,Julio,T3,2026,No,Invierno
20260718,18/07/2026,18,Sábado,29,7,Julio,T3,2026,Sí,Invierno
20260719,19/07/2026,19,Domingo,29,7,Julio,T3,2026,Sí,Invierno
20260720,20/07/2026,20,Lunes,30,7,Julio,T3,2026,No,Invierno
20260721,21/07/2026,21,Martes,30,7,Julio,T3,2026,No,Invierno
20260722,22/07/2026,22,Miércoles,30,7,Julio,T3,2026,No,Invierno
20260723,23/07/2026,23,Jueves,30,7,Julio,T3,2026,No,Invierno
20260724,24/07/2026,24,Viernes,30,7,Julio,T3,2026,No,Invierno
20260725,25/07/2026,25,Sábado,30,7,Julio,T3,2026,Sí,Invierno
20260726,26/07/2026,26,Domingo,30,7,Julio,T3,2026,Sí,Invierno
20260727,27/07/2026,27,Lunes,31,7,Julio,T3,2026,No,Invierno
20260728,28/07/2026,28,Martes,31,7,Julio,T3,2026,No,Invierno
20260729,29/07/2026,29,Miércoles,31,7,Julio,T3,2026,No,Invierno
20260730,30/07/2026,30,Jueves,31,7,Julio,T3,2026,No,Invierno
20260731,31/07/2026,31,Viernes,31,7,Julio,T3,2026,No,Invierno
20260801,01/08/2026,1,Sábado,31,8,Agosto,T3,2026,Sí,Invierno
20260802,02/08/2026,2,Domingo,31,8,Agosto,T3,2026,Sí,Invierno
20260803,03/08/2026,3,Lunes,32,8,Agosto,T3,2026,No,Invierno
20260804,04/08/2026,4,Martes,32,8,Agosto,T3,2026,No,Invierno
20260805,05/08/2026,5,Miércoles,32,8,Agosto,T3,2026,No,Invierno
20260806,06/08/2026,6,Jueves,32,8,Agosto,T3,2026,No,Invierno
20260807,07/08/2026,7,Viernes,32,8,Agosto,T3,2026,No,Invierno
20260808,08/08/2026,8,Sábado,32,8,Agosto,T3,2026,Sí,Invierno
20260809,09/08/2026,9,Domingo,32,8,Agosto,T3,2026,Sí,Invierno
20260810,10/08/2026,10,Lunes,33,8,Agosto,T3,2026,No,Invierno
20260811,11/08/2026,11,Martes,33,8,Agosto,T3,2026,No,Invierno
20260812,12/08/2026,12,Miércoles,33,8,Agosto,T3,2026,No,Invierno
20260813,13/08/2026,13,Jueves,33,8,Agosto,T3,2026,No,Invierno
20260814,14/08/2026,14,Viernes,33,8,Agosto,T3,2026,No,Invierno
20260815,15/08/2026,15,Sábado,33,8,Agosto,T3,2026,Sí,Invierno
20260816,16/08/2026,16,Domingo,33,8,Agosto,T3,2026,Sí,Invierno
20260817,17/08/2026,17,Lunes,34,8,Agosto,T3,2026,No,Invierno
20260818,18/08/2026,18,Martes,34,8,Agosto,T3,2026,No,Invierno
20260819,19/08/2026,19,Miércoles,34,8,Agosto,T3,2026,No,Invierno
20260820,20/08/2026,20,Jueves,34,8,Agosto,T3,2026,No,Invierno
20260821,21/08/2026,21,Viernes,34,8,Agosto,T3,2026,No,Invierno
20260822,22/08/2026,22,Sábado,34,8,Agosto,T3,2026,Sí,Invierno
20260823,23/08/2026,23,Domingo,34,8,Agosto,T3,2026,Sí,Invierno
20260824,24/08/2026,24,Lunes,35,8,Agosto,T3,2026,No,Invierno
20260825,25/08/2026,25,Martes,35,8,Agosto,T3,2026,No,Invierno
20260826,26/08/2026,26,Miércoles,35,8,Agosto,T3,2026,No,Invierno
20260827,27/08/2026,27,Jueves,35,8,Agosto,T3,2026,No,Invierno
20260828,28/08/2026,28,Viernes,35,8,Agosto,T3,2026,No,Invierno
20260829,29/08/2026,29,Sábado,35,8,Agosto,T3,2026,Sí,Invierno
20260830,30/08/2026,30,Domingo,35,8,Agosto,T3,2026,Sí,Invierno
20260831,31/08/2026,31,Lunes,36,8,Agosto,T3,2026,No,Invierno
20260901,01/09/2026,1,Martes,36,9,Septiembre,T3,2026,No,Primavera
20260902,02/09/2026,2,Miércoles,36,9,Septiembre,T3,2026,No,Primavera
20260903,03/09/2026,3,Jueves,36,9,Septiembre,T3,2026,No,Primavera
20260904,04/09/2026,4,Viernes,36,9,Septiembre,T3,2026,No,Primavera
20260905,05/09/2026,5,Sábado,36,9,Septiembre,T3,2026,Sí,Primavera
20260906,06/09/2026,6,Domingo,36,9,Septiembre,T3,2026,Sí,Primavera
20260907,07/09/2026,7,Lunes,37,9,Septiembre,T3,2026,No,Primavera
20260908,08/09/2026,8,Martes,37,9,Septiembre,T3,2026,No,Primavera
20260909,09/09/2026,9,Miércoles,37,9,Septiembre,T3,2026,No,Primavera
20260910,10/09/2026,10,Jueves,37,9,Septiembre,T3,2026,No,Primavera
20260911,11/09/2026,11,Viernes,37,9,Septiembre,T3,2026,No,Primavera
20260912,12/09/2026,12,Sábado,37,9,Septiembre,T3,2026,Sí,Primavera
20260913,13/09/2026,13,Domingo,37,9,Septiembre,T3,2026,Sí,Primavera
20260914,14/09/2026,14,Lunes,38,9,Septiembre,T3,2026,No,Primavera
20260915,15/09/2026,15,Martes,38,9,Septiembre,T3,2026,No,Primavera
20260916,16/09/2026,16,Miércoles,38,9,Septiembre,T3,2026,No,Primavera
20260917,17/09/2026,17,Jueves,38,9,Septiembre,T3,2026,No,Primavera
20260918,18/09/2026,18,Viernes,38,9,Septiembre,T3,2026,No,Primavera
20260919,19/09/2026,19,Sábado,38,9,Septiembre,T3,2026,Sí,Primavera
20260920,20/09/2026,20,Domingo,38,9,Septiembre,T3,2026,Sí,Primavera
20260921,21/09/2026,21,Lunes,39,9,Septiembre,T3,2026,No,Primavera
20260922,22/09/2026,22,Martes,39,9,Septiembre,T3,2026,No,Primavera
20260923,23/09/2026,23,Miércoles,39,9,Septiembre,T3,2026,No,Primavera
20260924,24/09/2026,24,Jueves,39,9,Septiembre,T3,2026,No,Primavera
20260925,25/09/2026,25,Viernes,39,9,Septiembre,T3,2026,No,Primavera
20260926,26/09/2026,26,Sábado,39,9,Septiembre,T3,2026,Sí,Primavera
20260927,27/09/2026,27,Domingo,39,9,Septiembre,T3,2026,Sí,Primavera
20260928,28/09/2026,28,Lunes,40,9,Septiembre,T3,2026,No,Primavera
20260929,29/09/2026,29,Martes,40,9,Septiembre,T3,2026,No,Primavera
20260930,30/09/2026,30,Miércoles,40,9,Septiembre,T3,2026,No,Primavera
20261001,01/10/2026,1,Jueves,40,10,Octubre,T4,2026,No,Primavera
20261002,02/10/2026,2,Viernes,40,10,Octubre,T4,2026,No,Primavera
20261003,03/10/2026,3,Sábado,40,10,Octubre,T4,2026,Sí,Primavera
20261004,04/10/2026,4,Domingo,40,10,Octubre,T4,2026,Sí,Primavera
20261005,05/10/2026,5,Lunes,41,10,Octubre,T4,2026,No,Primavera
20261006,06/10/2026,6,Martes,41,10,Octubre,T4,2026,No,Primavera
20261007,07/10/2026,7,Miércoles,41,10,Octubre,T4,2026,No,Primavera
20261008,08/10/2026,8,Jueves,41,10,Octubre,T4,2026,No,Primavera
20261009,09/10/2026,9,Viernes,41,10,Octubre,T4,2026,No,Primavera
20261010,10/10/2026,10,Sábado,41,10,Octubre,T4,2026,Sí,Primavera
20261011,11/10/2026,11,Domingo,41,10,Octubre,T4,2026,Sí,Primavera
20261012,12/10/2026,12,Lunes,42,10,Octubre,T4,2026,No,Primavera
20261013,13/10/2026,13,Martes,42,10,Octubre,T4,2026,No,Primavera
20261014,14/10/2026,14,Miércoles,42,10,Octubre,T4,2026,No,Primavera
20261015,15/10/2026,15,Jueves,42,10,Octubre,T4,2026,No,Primavera
20261016,16/10/2026,16,Viernes,42,10,Octubre,T4,2026,No,Primavera
20261017,17/10/2026,17,Sábado,42,10,Octubre,T4,2026,Sí,Primavera
20261018,18/10/2026,18,Domingo,42,10,Octubre,T4,2026,Sí,Primavera
20261019,19/10/2026,19,Lunes,43,10,Octubre,T4,2026,No,Primavera
20261020,20/10/2026,20,Martes,43,10,Octubre,T4,2026,No,Primavera
20261021,21/10/2026,21,Miércoles,43,10,Octubre,T4,2026,No,Primavera
20261022,22/10/2026,22,Jueves,43,10,Octubre,T4,2026,No,Primavera
20261023,23/10/2026,23,Viernes,43,10,Octubre,T4,2026,No,Primavera
20261024,24/10/2026,24,Sábado,43,10,Octubre,T4,2026,Sí,Primavera
20261025,25/10/2026,25,Domingo,43,10,Octubre,T4,2026,Sí,Primavera
20261026,26/10/2026,26,Lunes,44,10,Octubre,T4,2026,No,Primavera
20261027,27/10/2026,27,Martes,44,10,Octubre,T4,2026,No,Primavera
20261028,28/10/2026,28,Miércoles,44,10,Octubre,T4,2026,No,Primavera
20261029,29/10/2026,29,Jueves,44,10,Octubre,T4,2026,No,Primavera
20261030,30/10/2026,30,Viernes,44,10,Octubre,T4,2026,No,Primavera
20261031,31/10/2026,31,Sábado,44,10,Octubre,T4,2026,Sí,Primavera
20261101,01/11/2026,1,Domingo,44,11,Noviembre,T4,2026,Sí,Primavera
20261102,02/11/2026,2,Lunes,45,11,Noviembre,T4,2026,No,Primavera
20261103,03/11/2026,3,Martes,45,11,Noviembre,T4,2026,No,Primavera
20261104,04/11/2026,4,Miércoles,45,11,Noviembre,T4,2026,No,Primavera
20261105,05/11/2026,5,Jueves,45,11,Noviembre,T4,2026,No,Primavera
20261106,06/11/2026,6,Viernes,45,11,Noviembre,T4,2026,No,Primavera
20261107,07/11/2026,7,Sábado,45,11,Noviembre,T4,2026,Sí,Primavera
20261108,08/11/2026,8,Domingo,45,11,Noviembre,T4,2026,Sí,Primavera
20261109,09/11/2026,9,Lunes,46,11,Noviembre,T4,2026,No,Primavera
20261110,10/11/2026,10,Martes,46,11,Noviembre,T4,2026,No,Primavera
20261111,11/11/2026,11,Miércoles,46,11,Noviembre,T4,2026,No,Primavera
20261112,12/11/2026,12,Jueves,46,11,Noviembre,T4,2026,No,Primavera
20261113,13/11/2026,13,Viernes,46,11,Noviembre,T4,2026,No,Primavera
20261114,14/11/2026,14,Sábado,46,11,Noviembre,T4,2026,Sí,Primavera
20261115,15/11/2026,15,Domingo,46,11,Noviembre,T4,2026,Sí,Primavera
20261116,16/11/2026,16,Lunes,47,11,Noviembre,T4,2026,No,Primavera
20261117,17/11/2026,17,Martes,47,11,Noviembre,T4,2026,No,Primavera
20261118,18/11/2026,18,Miércoles,47,11,Noviembre,T4,2026,No,Primavera
20261119,19/11/2026,19,Jueves,47,11,Noviembre,T4,2026,No,Primavera
20261120,20/11/2026,20,Viernes,47,11,Noviembre,T4,2026,No,Primavera
20261121,21/11/2026,21,Sábado,47,11,Noviembre,T4,2026,Sí,Primavera
20261122,22/11/2026,22,Domingo,47,11,Noviembre,T4,2026,Sí,Primavera
20261123,23/11/2026,23,Lunes,48,11,Noviembre,T4,2026,No,Primavera
20261124,24/11/2026,24,Martes,48,11,Noviembre,T4,2026,No,Primavera
20261125,25/11/2026,25,Miércoles,48,11,Noviembre,T4,2026,No,Primavera
20261126,26/11/2026,26,Jueves,48,11,Noviembre,T4,2026,No,Primavera
20261127,27/11/2026,27,Viernes,48,11,Noviembre,T4,2026,No,Primavera
20261128,28/11/2026,28,Sábado,48,11,Noviembre,T4,2026,Sí,Primavera
20261129,29/11/2026,29,Domingo,48,11,Noviembre,T4,2026,Sí,Primavera
20261130,30/11/2026,30,Lunes,49,11,Noviembre,T4,2026,No,Primavera
20261201,01/12/2026,1,Martes,49,12,Diciembre,T4,2026,No,Verano
20261202,02/12/2026,2,Miércoles,49,12,Diciembre,T4,2026,No,Verano
20261203,03/12/2026,3,Jueves,49,12,Diciembre,T4,2026,No,Verano
20261204,04/12/2026,4,Viernes,49,12,Diciembre,T4,2026,No,Verano
20261205,05/12/2026,5,Sábado,49,12,Diciembre,T4,2026,Sí,Verano
20261206,06/12/2026,6,Domingo,49,12,Diciembre,T4,2026,Sí,Verano
20261207,07/12/2026,7,Lunes,50,12,Diciembre,T4,2026,No,Verano
20261208,08/12/2026,8,Martes,50,12,Diciembre,T4,2026,No,Verano
20261209,09/12/2026,9,Miércoles,50,12,Diciembre,T4,2026,No,Verano
20261210,10/12/2026,10,Jueves,50,12,Diciembre,T4,2026,No,Verano
20261211,11/12/2026,11,Viernes,50,12,Diciembre,T4,2026,No,Verano
20261212,12/12/2026,12,Sábado,50,12,Diciembre,T4,2026,Sí,Verano
20261213,13/12/2026,13,Domingo,50,12,Diciembre,T4,2026,Sí,Verano
20261214,14/12/2026,14,Lunes,51,12,Diciembre,T4,2026,No,Verano
20261215,15/12/2026,15,Martes,51,12,Diciembre,T4,2026,No,Verano
20261216,16/12/2026,16,Miércoles,51,12,Diciembre,T4,2026,No,Verano
20261217,17/12/2026,17,Jueves,51,12,Diciembre,T4,2026,No,Verano
20261218,18/12/2026,18,Viernes,51,12,Diciembre,T4,2026,No,Verano
20261219,19/12/2026,19,Sábado,51,12,Diciembre,T4,2026,Sí,Verano
20261220,20/12/2026,20,Domingo,51,12,Diciembre,T4,2026,Sí,Verano
20261221,21/12/2026,21,Lunes,52,12,Diciembre,T4,2026,No,Verano
20261222,22/12/2026,22,Martes,52,12,Diciembre,T4,2026,No,Verano
20261223,23/12/2026,23,Miércoles,52,12,Diciembre,T4,2026,No,Verano
20261224,24/12/2026,24,Jueves,52,12,Diciembre,T4,2026,No,Verano
20261225,25/12/2026,25,Viernes,52,12,Diciembre,T4,2026,No,Verano
20261226,26/12/2026,26,Sábado,52,12,Diciembre,T4,2026,Sí,Verano
20261227,27/12/2026,27,Domingo,52,12,Diciembre,T4,2026,Sí,Verano
20261228,28/12/2026,28,Lunes,53,12,Diciembre,T4,2026,No,Verano
20261229,29/12/2026,29,Martes,53,12,Diciembre,T4,2026,No,Verano
20261230,30/12/2026,30,Miércoles,53,12,Diciembre,T4,2026,No,Verano
20261231,31/12/2026,31,Jueves,53,12,Diciembre,T4,2026,No,Verano
